Month_No,Predicted_Sales
13,33530.303030303025
14,35355.477855477846
15,37180.652680652674
16,39005.827505827496
17,40831.002331002324
18,42656.177156177146
